enrollee_id,prediction,recommend
6515,0.7283493,Yes
22462,0.7835132,Yes
8488,0.957503,Yes
21308,0.81504875,Yes
18581,0.7005272,Yes
11169,0.74310803,Yes
24162,0.8207565,Yes
20536,0.7317316,Yes
33308,0.7158339,Yes
3697,0.9604123,Yes
19654,0.8122766,Yes
19385,0.7470829,Yes
14538,0.70981187,Yes
10260,0.7602174,Yes
20691,0.922839,Yes
6281,0.98727024,Yes
6837,0.75420874,Yes
18384,0.95816696,Yes
19504,0.78773886,Yes
3722,0.7052446,Yes
32649,0.81736517,Yes
6721,0.969108,Yes
6720,0.81119066,Yes
13782,0.72579795,Yes
2183,0.7035419,Yes
16462,0.99412626,Yes
17300,0.8241926,Yes
1172,0.7212582,Yes
9544,0.7314602,Yes
32727,0.8630799,Yes
16458,0.7241502,Yes
9208,0.87059456,Yes
21604,0.82951933,Yes
21462,0.91705763,Yes
12846,0.71859074,Yes
14574,0.7511448,Yes
24230,0.9996885,Yes
15660,0.7613078,Yes
27298,0.97833425,Yes
32495,0.9164228,Yes
27952,0.8393664,Yes
4063,0.9961885,Yes
27420,0.706959,Yes
19567,0.7333176,Yes
22468,0.8898827,Yes
21887,0.8761154,Yes
2421,0.7724701,Yes
28886,0.7926988,Yes
7266,0.70320535,Yes
13833,0.7425839,Yes
23883,0.82079935,Yes
26694,0.82677114,Yes
16595,0.7034084,Yes
1319,0.8395353,Yes
23674,0.98389465,Yes
25129,0.8391318,Yes
16287,0.85296726,Yes
20459,0.7032972,Yes
17165,0.7691102,Yes
31672,0.99997807,Yes
30759,0.8563309,Yes
28619,0.7906399,Yes
30770,0.7317784,Yes
32487,0.74935174,Yes
6615,0.9587959,Yes
32910,0.71700823,Yes
12142,0.7136181,Yes
24800,0.76449406,Yes
6768,0.7090771,Yes
25160,0.83500385,Yes
27008,0.98059183,Yes
27239,0.76803356,Yes
18316,0.71790946,Yes
8392,0.76598823,Yes
7522,0.787273,Yes
25136,0.9255533,Yes
24155,0.7647704,Yes
30470,0.9149482,Yes
8335,0.05473218,No
31485,0.053837206,No
11330,0.06290095,No
28383,0.23014583,No
29417,0.0041525434,No
32403,0.034347482,No
22700,0.4950378,No
13259,0.055497766,No
27376,0.10056293,No
22940,0.031286553,No
20918,0.074448034,No
10279,0.45956525,No
12163,0.048418086,No
10523,0.31359074,No
28694,0.00602236,No
25918,0.039069753,No
27771,0.032857064,No
15027,0.036352374,No
16955,0.015838448,No
32395,0.082192376,No
22042,0.35029432,No
268,0.012869926,No
7539,0.0008922419,No
3889,0.124000266,No
17952,0.064138,No
9098,0.060388625,No
21246,0.018191868,No
10287,0.066046864,No
26448,0.06427371,No
2768,0.1663707,No
8107,0.07940701,No
1175,0.090031214,No
31232,0.5954608,No
19556,0.06513228,No
18271,0.6285189,No
25867,0.4676271,No
9586,0.13999607,No
5346,0.09009014,No
27199,0.06515475,No
20079,0.017148446,No
8903,0.057314526,No
13140,0.117952235,No
20909,0.029117165,No
29159,0.069724806,No
5601,0.49390805,No
6548,0.0700576,No
21210,0.058800843,No
9291,0.054518726,No
17074,0.05705879,No
9753,0.46141177,No
26993,0.57037276,No
4393,0.10677095,No
8509,0.20415665,No
5482,0.06251474,No
80,0.052790675,No
795,0.21940732,No
21071,0.11283246,No
12453,0.4646832,No
13204,0.4173968,No
15974,0.059832077,No
23562,0.4433619,No
12374,0.09955695,No
33300,0.06704206,No
5509,0.046709754,No
12407,0.04310085,No
2436,0.070571035,No
30295,0.6130844,No
24628,0.12307215,No
16050,0.30819038,No
11188,0.38368455,No
2010,0.06948136,No
1678,0.08361398,No
1776,0.000107629596,No
21039,0.023769228,No
28518,0.19948876,No
16831,0.059802227,No
29969,0.06849893,No
24362,0.15018925,No
24017,0.11576541,No
24158,0.492776,No
1604,0.052338198,No
6444,0.078479186,No
15682,0.11926133,No
8942,0.4147304,No
21015,0.049158953,No
14438,0.54307044,No
19210,0.2083159,No
14741,0.06832052,No
15587,0.38809457,No
2625,0.03332307,No
28278,0.10241014,No
29176,0.06630558,No
32521,0.08035266,No
6191,0.39488,No
19726,0.039331,No
28799,0.0064098286,No
5857,0.087078065,No
32710,0.083343565,No
8031,0.0119946,No
11283,0.076261066,No
27281,0.049741153,No
29890,0.010375439,No
32243,0.051820487,No
27386,0.03795577,No
25603,0.38770983,No
185,0.04699342,No
15098,0.08349928,No
18575,0.46477762,No
28911,0.027757237,No
24238,0.5349302,No
8735,0.42433447,No
3027,0.06458377,No
667,0.06310497,No
27308,0.5867974,No
5266,0.06349402,No
18706,0.25898132,No
12759,0.10008174,No
31402,0.40589467,No
14816,0.30873337,No
7156,0.35168582,No
17675,0.047789976,No
6335,0.016754158,No
7789,0.4734703,No
12312,0.5457812,No
15534,0.10249278,No
25544,0.061761618,No
23189,0.07440916,No
18322,0.14678718,No
2915,0.16368616,No
24660,0.1769822,No
28630,0.04387646,No
3635,0.14087233,No
15158,0.1341327,No
30957,0.47455192,No
22099,0.05953381,No
16328,8.96336e-05,No
12674,0.0644474,No
9055,0.38058233,No
8042,0.08665664,No
16689,0.11362588,No
16251,0.5243397,No
32374,0.07157298,No
28061,0.5495018,No
9556,0.37558854,No
11413,0.56561136,No
8413,0.46574795,No
13397,0.09337851,No
25100,0.038452722,No
30103,0.07041033,No
2937,0.071686074,No
26722,0.6740414,No
14515,0.07781004,No
31826,0.09549468,No
515,0.06425063,No
16082,0.09562637,No
29276,0.6679188,No
28937,0.044609252,No
13462,0.6216446,No
32353,0.41923463,No
17950,0.6211794,No
2326,0.16796973,No
830,0.051417142,No
22652,0.4587435,No
24998,0.20415989,No
21511,0.07132849,No
17224,0.42136824,No
28176,0.12756397,No
22974,0.38016585,No
4889,0.10275346,No
17386,0.16555029,No
9514,0.055177607,No
27108,0.057194643,No
366,0.63553876,No
7953,0.53487056,No
7926,0.50900656,No
288,0.07749815,No
1985,0.57876176,No
32635,0.45211446,No
25958,0.05297259,No
7346,0.018057661,No
24378,0.6585838,No
27787,0.060167436,No
21023,0.45326972,No
24815,0.09043442,No
15973,0.53506804,No
7784,0.027989892,No
14285,0.043817464,No
28808,0.3090667,No
21976,0.046049174,No
27390,0.06476155,No
14581,0.035916597,No
15853,0.25953987,No
32636,0.4069261,No
25408,0.5340664,No
2715,0.2960335,No
10308,0.05404236,No
9837,0.40551123,No
30036,0.13076891,No
17703,0.061793935,No
4581,0.034457237,No
31234,0.54991794,No
11796,0.6361302,No
25292,0.01179686,No
16129,0.27645555,No
11063,0.32745433,No
22712,0.077903055,No
24908,0.55839545,No
23968,0.058500014,No
9134,0.60595125,No
31615,0.06881907,No
2790,0.55641264,No
25629,0.032910515,No
25371,0.046512466,No
17194,0.049371395,No
5083,0.08094991,No
29321,0.04981889,No
30538,0.115258716,No
25097,0.55172884,No
25679,0.02358507,No
19403,0.67110014,No
22320,0.07560619,No
12676,0.026981896,No
6509,0.4173765,No
32606,0.024620002,No
14255,0.021646626,No
14767,0.22693948,No
28498,0.017141324,No
29230,0.3498906,No
1135,0.047188155,No
30373,0.075059704,No
1382,0.50832605,No
2415,0.307691,No
21822,0.06044883,No
14586,0.6057182,No
4166,0.059178468,No
8083,0.10873452,No
19641,0.34204793,No
129,0.10608258,No
15589,0.30558375,No
12340,0.06604763,No
25465,0.017136939,No
23084,0.07377001,No
25308,0.2739779,No
15141,0.157436,No
10737,0.047227513,No
24725,0.302548,No
18232,0.0604919,No
13603,0.41594484,No
14159,0.07185114,No
10829,0.07162935,No
660,0.035459902,No
17953,0.48209095,No
742,0.09381221,No
1968,0.03736457,No
14281,0.017399494,No
8701,0.06386025,No
16972,0.111917734,No
25730,0.072202735,No
17021,0.044530883,No
25038,0.42737886,No
2209,0.059940323,No
22045,0.35203636,No
30023,0.049175117,No
30907,0.04968372,No
23663,0.5432379,No
656,0.1415624,No
22507,0.005528022,No
27512,0.067903124,No
27949,0.12246601,No
30399,0.123714864,No
13836,0.07096376,No
6465,0.052464686,No
17919,0.015890583,No
7792,0.5383249,No
19032,0.06672096,No
30546,0.030241987,No
28365,0.052851077,No
30639,0.034854658,No
16245,0.09185446,No
22214,0.04994731,No
3606,0.024868064,No
29010,0.5460591,No
19202,0.043556497,No
13621,0.6134657,No
14035,0.5674736,No
621,0.6606209,No
2744,0.09427538,No
6154,0.13046399,No
16138,0.4526013,No
8304,0.0075525967,No
27036,0.19258127,No
24845,0.013042888,No
28090,0.031742327,No
24293,0.5924716,No
6209,0.57530993,No
32766,0.06215194,No
4955,0.06547904,No
24837,0.12797888,No
19996,0.06744879,No
21189,0.07356435,No
18781,0.30744907,No
10429,0.05490342,No
20607,0.2657124,No
12810,0.08759478,No
6829,0.5193175,No
12709,0.48783305,No
13211,0.35125548,No
2954,0.13180494,No
7679,0.56344223,No
2682,0.11585886,No
15094,0.06649388,No
16517,0.020537661,No
29667,0.076908216,No
22881,0.32764256,No
10455,0.26808134,No
11339,0.13305695,No
30475,0.07959455,No
31133,0.5832373,No
1406,0.061606057,No
18903,0.02233796,No
11842,0.13518251,No
26309,0.27290043,No
14019,0.38028306,No
10198,0.074034736,No
26656,0.15213217,No
9237,0.02335873,No
7881,0.06933903,No
6433,0.51458776,No
15763,0.06257407,No
19783,0.032507356,No
17424,0.163522,No
15586,0.09019812,No
19987,0.13780594,No
14412,0.08398626,No
1206,0.082387544,No
28864,0.06597717,No
24993,0.62079006,No
16058,0.16641521,No
4832,0.28385347,No
6356,0.24272083,No
32099,0.47176233,No
28,0.06298125,No
31388,0.072610065,No
28629,0.19263971,No
11907,0.04956105,No
20570,0.53211945,No
21496,0.023725418,No
9997,0.09413819,No
3264,0.057937384,No
32853,0.06297838,No
27278,0.036945254,No
23885,0.051576752,No
4838,0.40700534,No
1179,0.11879849,No
5780,0.09106949,No
10682,0.1774857,No
30158,0.017165393,No
28252,0.6025807,No
9209,0.044562545,No
28584,0.032838445,No
11473,0.15374437,No
28290,0.014296077,No
11514,0.07462259,No
22477,0.5947655,No
16212,0.47600242,No
31991,0.0102660395,No
16922,0.04408229,No
471,0.22784354,No
32693,0.07291471,No
15411,0.10385713,No
7645,0.57743675,No
2358,0.62179905,No
6402,0.12220511,No
5817,0.060302913,No
6413,0.007687517,No
2752,0.51103497,No
4934,0.017226133,No
17267,0.6107132,No
3890,0.066745706,No
11667,0.08280393,No
26888,0.68789876,No
19942,0.60937405,No
1276,0.0911158,No
1647,0.25920597,No
23172,0.054439094,No
18492,0.47433954,No
18940,0.085145384,No
30512,0.37078902,No
25241,0.06362767,No
15164,0.48285183,No
25329,0.015666584,No
5296,0.07509698,No
29223,0.064399995,No
22392,0.5635454,No
15849,0.4741214,No
1679,0.054828435,No
11481,0.06270312,No
13142,0.06435882,No
22870,0.0065559614,No
31668,0.114809066,No
7032,0.03045199,No
18483,0.40506366,No
7987,0.5345859,No
16577,0.13828577,No
915,0.059763286,No
11728,0.07983947,No
4579,0.38039795,No
21657,0.53930646,No
33134,0.14321016,No
27143,0.29115888,No
20419,0.4957266,No
7212,0.13256735,No
30965,0.13807452,No
31796,0.6146504,No
25155,0.53635633,No
29074,0.24200697,No
17836,0.40144917,No
31533,0.028559018,No
17200,0.06356065,No
24268,0.0688713,No
7689,0.6893398,No
33291,0.41427162,No
13030,0.11740458,No
8562,0.47496006,No
6642,0.43010432,No
22510,0.3257936,No
12505,0.5921226,No
20917,0.43980303,No
12437,0.05059035,No
613,0.04837499,No
4066,0.051409073,No
18513,0.29346135,No
8447,0.11549154,No
19653,0.12939255,No
12570,0.56327707,No
30777,0.07503295,No
32956,0.097698055,No
20179,0.17641921,No
26068,0.16514722,No
20956,0.08472135,No
6027,0.2823579,No
26032,0.45437822,No
28733,0.03678248,No
21032,0.5137734,No
25737,0.29690972,No
14477,0.6070526,No
11642,0.09117987,No
31228,0.552899,No
20707,0.24585426,No
10469,0.5678352,No
31756,0.62366194,No
21673,0.05873339,No
24683,0.07341137,No
13883,0.04449387,No
4370,0.57455504,No
8122,0.124011114,No
16782,0.24526441,No
5381,0.14423545,No
16286,0.33626908,No
7759,0.500402,No
32141,0.09339224,No
30739,0.0841741,No
31349,0.04795771,No
2529,0.49249545,No
11327,0.12517713,No
27067,0.56821465,No
15307,0.20584133,No
3879,0.055077456,No
7519,0.23541452,No
9195,0.5804173,No
7391,0.073740356,No
22303,0.032893777,No
11444,0.25531483,No
14398,0.119189255,No
23514,0.19092143,No
8491,0.12135925,No
16180,0.39185226,No
14867,0.044310503,No
4273,0.34825146,No
5050,0.54726416,No
16255,0.69636565,No
6314,0.040668037,No
31629,0.034621842,No
11640,0.53942484,No
2580,0.053968523,No
26541,0.14562766,No
15144,0.013672324,No
32745,0.010192338,No
24625,0.061547644,No
32453,0.04080824,No
19752,0.19444163,No
21469,0.13895279,No
18569,0.045235854,No
6610,0.06872253,No
23734,0.12402589,No
13419,0.05181353,No
17720,0.019673944,No
18822,0.08343388,No
28220,0.012058767,No
12059,0.066535406,No
16023,0.18411605,No
16816,0.09286857,No
1476,0.14239722,No
181,0.6256443,No
10167,0.553345,No
9752,0.5624005,No
17450,0.48247445,No
13953,0.04169939,No
8112,0.5380006,No
29629,0.59175146,No
23024,0.14805342,No
18719,0.5874361,No
29832,0.53764784,No
3672,0.60472107,No
14132,0.09362656,No
32229,0.14561698,No
10230,0.066468224,No
11638,0.057441328,No
32511,0.008605721,No
24684,0.0073973187,No
21166,0.5273734,No
3377,0.05744844,No
26862,0.062106438,No
19473,0.2560577,No
20150,0.05628772,No
14785,0.5189816,No
29703,0.13979849,No
15095,0.0078055677,No
16135,0.03524232,No
21845,0.047627654,No
22863,0.08320768,No
20622,0.611234,No
7535,0.066211686,No
32808,0.64112973,No
15049,0.50101686,No
32698,0.05068398,No
19744,0.0716766,No
26621,0.6048861,No
14687,0.041103367,No
30428,0.45614287,No
17153,0.17846371,No
28035,0.45058703,No
923,0.11633718,No
5130,0.051128477,No
29886,0.28381377,No
22168,0.07602965,No
7132,0.4429796,No
5980,0.38249457,No
32783,0.49248865,No
5126,0.055876583,No
5898,0.5617197,No
18825,0.06444445,No
301,0.025734136,No
15851,0.08431348,No
22430,0.38467664,No
19648,0.6560244,No
25614,0.5724943,No
4222,0.5674446,No
3647,0.12846078,No
27030,0.2150859,No
18912,0.081897326,No
26801,0.3736848,No
31473,0.066703185,No
5029,0.08825874,No
18100,0.32867387,No
13722,0.1670939,No
13819,0.38435113,No
10217,0.06858604,No
10618,0.6262782,No
31818,0.69715947,No
8170,0.19422124,No
11901,0.29454553,No
29710,0.46805027,No
26195,0.11890211,No
16449,0.07364696,No
22858,0.07096417,No
423,0.07056908,No
28292,0.0036114824,No
29603,0.07157065,No
322,0.020817997,No
31758,0.67197275,No
17932,0.065506324,No
27389,0.08051467,No
30260,0.030094713,No
16798,0.04441953,No
8411,0.059994586,No
20514,0.05849472,No
12884,0.09020452,No
3312,0.11956289,No
30109,0.5683749,No
10847,0.4245012,No
7813,0.14239089,No
5962,0.6539111,No
20841,0.608057,No
10834,0.5654283,No
21899,0.11430769,No
12136,0.26022482,No
7300,0.09679147,No
17188,0.11475025,No
31802,0.5296913,No
7387,0.057457075,No
16828,0.51864994,No
20154,0.07639056,No
17779,0.5021737,No
9205,0.37276694,No
17854,0.054016553,No
30,0.06580052,No
9852,0.46235085,No
22746,0.02804382,No
29259,0.05575701,No
22480,0.45402065,No
14806,0.096478894,No
17669,0.089861326,No
10587,0.25032204,No
23210,0.04963879,No
8243,0.12124217,No
27216,0.6354159,No
10977,0.108089894,No
26483,0.4372469,No
11201,0.4657096,No
5280,0.5811527,No
33316,0.2188131,No
17295,0.08798983,No
28349,0.07244905,No
16216,0.060424715,No
24170,0.06673904,No
26446,0.297338,No
21057,0.06842504,No
20348,0.31254742,No
11458,0.35041064,No
634,0.09741511,No
12756,0.06521789,No
12472,0.45732096,No
23948,0.23524484,No
3520,0.5517663,No
23078,0.29438773,No
30903,0.041812073,No
26151,0.05275311,No
28494,0.45908406,No
12029,0.116255745,No
3445,0.07220313,No
13605,0.6019276,No
22708,0.5776098,No
27764,0.54069316,No
2599,0.16107835,No
14684,0.06499421,No
33290,0.651477,No
7877,0.04161428,No
2046,0.40651226,No
5650,0.12187569,No
7873,0.24111995,No
31762,0.009621449,No
195,0.27523375,No
1289,0.0012339778,No
21339,0.55115455,No
24507,0.32423377,No
27163,0.016711669,No
9772,0.075550474,No
8905,0.20965865,No
33225,0.09634993,No
21500,0.011424294,No
31643,0.05531377,No
6294,0.08089295,No
10726,0.15886904,No
28552,0.1320135,No
22744,0.077389,No
13962,0.06576118,No
19499,0.06805137,No
19678,0.012675263,No
19218,0.10854006,No
7564,0.6008984,No
15293,0.4589674,No
23606,0.29296806,No
3787,0.08266827,No
32113,0.0028306379,No
12406,0.00048100096,No
25639,0.06789325,No
13464,0.48310462,No
6590,0.13445918,No
25255,0.06609621,No
28695,0.41898483,No
952,0.054695606,No
14062,0.06509466,No
33236,0.12315736,No
25696,0.06702553,No
9345,0.07608818,No
8837,0.1765366,No
16728,0.14286123,No
19261,0.4723191,No
26688,0.008165381,No
2736,0.00988912,No
25886,0.017708218,No
9806,0.17121252,No
17426,0.54736054,No
29908,0.10269788,No
23976,0.48680696,No
25713,0.07119967,No
26927,0.48975623,No
21936,0.25945258,No
23403,0.6000224,No
26899,0.0361646,No
10304,0.068949424,No
28680,0.08512752,No
32898,0.6673173,No
4879,0.05974424,No
17993,0.116319425,No
17066,0.052320156,No
3432,0.62317955,No
31361,0.35865504,No
18560,0.05096222,No
437,0.063355565,No
875,0.048588987,No
7258,0.323924,No
4274,0.023541927,No
18287,0.0975001,No
13114,0.00456544,No
11855,0.075496815,No
30621,0.47524953,No
23338,0.6066601,No
7012,0.56487316,No
19816,0.15968794,No
29304,0.17013367,No
22037,0.06005075,No
25890,0.08764729,No
37,0.4761391,No
25862,0.012530693,No
13292,0.5260668,No
21335,0.5586017,No
22786,0.5982068,No
545,0.020717263,No
25062,0.06193213,No
4377,0.63557756,No
24234,0.6414976,No
26950,0.475947,No
3180,0.13181874,No
5171,0.5235449,No
21726,0.07757574,No
26679,0.05402335,No
23735,0.5098894,No
30796,0.13468447,No
21968,0.6369014,No
13232,0.06911868,No
11404,0.04197937,No
11144,0.10164227,No
27614,0.0047157905,No
19725,0.55726665,No
12874,0.10153645,No
23465,0.4657121,No
14821,0.039435692,No
8043,0.04942802,No
8375,0.47296026,No
12946,0.13487357,No
19294,0.066239536,No
6452,0.09148954,No
13009,0.4148275,No
31951,0.62636924,No
7347,0.14706554,No
30679,0.035582617,No
6865,0.18619385,No
18356,0.52624863,No
10663,0.041333266,No
32996,0.14192761,No
15911,0.17742792,No
27337,0.467927,No
3689,0.08998272,No
5934,0.05378863,No
11506,0.06610244,No
25054,0.49642974,No
15521,0.079971015,No
30859,0.06262436,No
11273,0.06255881,No
27933,0.06438902,No
12189,0.6579292,No
25411,0.08970065,No
12288,0.059575506,No
25995,0.14726941,No
8539,0.05381234,No
16107,0.44462976,No
18698,0.27124277,No
17254,0.16833238,No
24582,0.06207438,No
18519,0.5510588,No
22338,0.05471641,No
19471,0.077798,No
17307,0.5388076,No
21049,0.58475673,No
25263,0.04880393,No
31870,0.1364597,No
6969,0.30030543,No
22737,0.4629673,No
11849,0.25711972,No
9700,0.113259725,No
3559,0.07359567,No
6963,0.070509374,No
9051,0.59788465,No
30951,0.0071234256,No
17924,0.52830106,No
14883,0.45751452,No
29031,0.5858967,No
14638,0.19443506,No
25931,0.060040243,No
13823,0.049908012,No
11391,0.016102498,No
24670,0.13299511,No
30846,0.018956814,No
29283,0.06882368,No
26856,0.05381635,No
21257,0.0752537,No
9664,0.20858681,No
19239,0.078263246,No
15865,0.33829623,No
5265,0.13983606,No
3275,0.06393707,No
14491,0.116232395,No
22835,0.46883363,No
29243,0.06811538,No
10478,0.20871602,No
32022,0.07381983,No
29326,0.5453977,No
24820,0.14731382,No
2936,0.06990212,No
26354,0.081972495,No
19158,0.055734854,No
31465,0.08019232,No
29341,0.07488912,No
32019,0.38500857,No
9335,0.13853413,No
30294,0.446633,No
26138,0.43786904,No
18847,0.07993508,No
10162,0.07417338,No
9918,0.059802074,No
32795,0.6460009,No
29762,0.083194114,No
3862,0.06435884,No
8514,0.07491585,No
12996,0.4627447,No
22591,0.5939239,No
18267,0.13438067,No
6398,0.15325178,No
1838,0.6722697,No
5841,0.050372336,No
11401,0.052946616,No
32152,0.062275738,No
7281,0.14208224,No
7314,0.36511922,No
4791,0.11561038,No
1443,0.052117817,No
15384,0.5686347,No
19550,0.6268677,No
22661,0.04006634,No
11148,0.0047346093,No
8426,0.24871248,No
29541,0.055743624,No
14264,0.064188935,No
15385,0.22372489,No
1928,0.56047636,No
12500,0.07277726,No
31466,0.55419904,No
18816,0.4870395,No
20758,0.04745694,No
5479,0.6088271,No
25585,0.57551426,No
27425,0.33402154,No
27991,0.18746845,No
11770,0.09582228,No
16395,0.12686074,No
12558,0.6279481,No
17389,0.5315389,No
610,0.12249774,No
4586,0.5710408,No
18665,0.5030988,No
23628,0.6070615,No
18166,0.2181697,No
28427,0.00029301728,No
8752,0.3815767,No
31441,0.1280757,No
4842,0.50472146,No
20308,0.5631936,No
20640,0.39152405,No
2530,0.39611024,No
21788,0.031465124,No
16079,0.4098623,No
25882,0.45870033,No
31708,0.5020773,No
11927,0.48858225,No
28350,0.122690536,No
30316,0.5244908,No
30365,0.4403212,No
370,0.43527013,No
22342,0.30237764,No
30013,0.00016911492,No
24026,0.67721653,No
30466,0.026188087,No
5320,0.0266028,No
8216,0.42803487,No
32607,0.57006747,No
31236,0.5985143,No
13470,0.08024027,No
20321,0.09032072,No
22697,0.6472282,No
2789,0.08712166,No
22200,0.12575042,No
12008,0.15393716,No
24642,0.045923024,No
4343,0.07724086,No
3307,0.026018558,No
3991,0.28409657,No
7148,0.0053430838,No
2196,0.051158953,No
13175,0.16567098,No
17225,0.070329696,No
19543,0.0084983315,No
21871,0.054015845,No
11730,0.42351568,No
25106,0.053750075,No
12002,0.0032786157,No
25173,0.022671772,No
17659,0.023139782,No
13498,0.051863495,No
26859,0.05349109,No
26996,0.001792771,No
7416,0.22762826,No
19336,0.08239631,No
13220,0.09352154,No
1346,0.10869448,No
32540,0.28727847,No
24947,0.16447501,No
25914,0.56451124,No
28377,0.031044219,No
11644,0.15838826,No
5194,0.013916134,No
3885,0.036290903,No
17269,0.24090815,No
12413,0.096200734,No
8049,0.052451108,No
1026,0.17153564,No
2900,0.15160334,No
11460,0.5341882,No
16164,0.0914679,No
28163,0.16892362,No
20064,0.09765137,No
8982,0.08109267,No
23188,0.027645513,No
13925,0.051364537,No
828,0.021721285,No
14069,0.5017101,No
32278,0.6752745,No
33353,0.047877267,No
22407,0.45331404,No
14052,0.04975313,No
11845,0.105018444,No
31995,0.50132847,No
5709,0.044647735,No
26670,0.4629821,No
9083,0.10327534,No
27854,0.085325524,No
24057,0.64475745,No
12831,0.047009677,No
22450,0.49874884,No
2491,0.03082526,No
14932,0.076702744,No
17920,0.07983011,No
27059,0.07622257,No
25181,0.06676056,No
8184,0.5320494,No
26576,0.094445094,No
9275,0.43658406,No
8038,0.07928179,No
25977,0.606673,No
20900,0.07096193,No
10655,0.45590508,No
734,0.06754713,No
2122,0.5376138,No
16574,0.004326682,No
6742,0.42012605,No
6583,0.031086616,No
25697,0.07311064,No
10311,0.088153645,No
14041,0.05900092,No
25635,0.0016157198,No
31481,0.5657258,No
28293,0.12340564,No
2120,0.10513042,No
13477,0.6118964,No
5111,0.025538927,No
19413,0.49329323,No
27297,0.5781005,No
8358,0.03489532,No
5005,0.079760976,No
15150,0.06914288,No
18338,0.033835102,No
15159,0.013247121,No
5236,0.54775757,No
16560,0.6761677,No
4810,0.4895361,No
19794,0.40251946,No
1055,0.060885694,No
20361,0.60517585,No
18668,0.05120635,No
2610,0.37591833,No
20165,0.36390817,No
22464,0.41315416,No
32105,0.34054092,No
27456,0.094849914,No
16614,0.11856293,No
31337,0.3517872,No
13726,0.05984861,No
3619,0.053245652,No
4773,0.0730914,No
13000,0.447513,No
17898,0.00052690407,No
12295,0.046588622,No
19028,0.13561295,No
4184,0.029434182,No
32629,0.15214834,No
31072,0.10317243,No
24739,0.09607002,No
18737,0.040724322,No
24340,0.049856637,No
23770,0.07490693,No
29652,0.016261807,No
19946,0.08219475,No
23670,0.60083985,No
20269,0.1408278,No
20910,0.55448395,No
33148,0.39887685,No
11392,0.10894993,No
7615,0.068226546,No
6527,0.3794792,No
9021,0.0045002257,No
14534,0.055503543,No
27102,0.0011030303,No
20887,0.053124502,No
27164,0.015078454,No
3068,0.47881263,No
14172,0.019746045,No
28764,0.51129365,No
15564,0.10799014,No
8849,0.19541623,No
23867,0.3511074,No
3407,0.64445853,No
25341,0.26510644,No
5488,0.10126928,No
5576,0.080264084,No
5367,0.0826934,No
8471,0.07672861,No
9234,0.030109875,No
25243,0.09091729,No
7376,0.025967704,No
1937,0.08284922,No
10171,0.04039469,No
29658,0.008311895,No
4037,0.04923237,No
15578,0.0148288,No
15829,0.05542233,No
31123,0.43160307,No
30849,0.4525291,No
18400,0.079561636,No
5298,0.036418084,No
2510,0.53746086,No
319,0.080360025,No
11888,0.13906422,No
12695,0.46665016,No
26370,0.13888083,No
23233,0.049573045,No
22814,0.085775614,No
4745,0.060560726,No
22829,0.051689286,No
6560,0.05660158,No
22152,0.0013473724,No
1456,0.4314994,No
31555,0.042902987,No
26411,0.0980703,No
10803,0.025154227,No
26209,0.053980354,No
28370,0.40074518,No
11982,0.12219968,No
8485,0.5053712,No
15242,0.46296155,No
9894,0.59470916,No
25415,0.3867311,No
18285,0.07108035,No
23894,0.49058074,No
27463,0.066142395,No
25140,0.56910086,No
19883,0.49129865,No
27155,0.0028566455,No
15550,0.072970845,No
12391,0.29386455,No
5138,0.5141283,No
18340,0.5263977,No
16355,0.47980815,No
28620,0.039362773,No
8991,0.55847627,No
40,0.57880265,No
8232,0.016292213,No
5403,0.03518779,No
23235,0.008808381,No
4532,0.10378714,No
9005,0.64598465,No
7207,0.044797733,No
485,0.3303915,No
2851,0.101363964,No
28845,0.10658178,No
17047,0.23342596,No
24941,0.5436023,No
28936,0.041748617,No
19719,0.60638285,No
6816,0.5600473,No
20333,0.16136554,No
30486,0.12353831,No
15910,0.061438195,No
7770,0.19123305,No
19243,0.39819968,No
19058,0.09953464,No
7957,0.11061202,No
10348,0.034986213,No
1392,0.011357169,No
5907,0.15053162,No
10446,0.54090095,No
30046,0.2525504,No
14026,0.45516863,No
9562,0.27901193,No
13197,0.05072302,No
32085,0.14379613,No
18983,0.33203012,No
27417,0.08148713,No
22457,0.5296221,No
26601,0.3933066,No
32233,0.56202877,No
29475,0.006156574,No
1517,0.10966515,No
16210,0.05107669,No
24681,0.10297196,No
2718,0.52632475,No
30061,0.051816713,No
18306,0.066505484,No
2063,0.12829363,No
14205,0.057015408,No
20872,0.067063704,No
16203,0.05747137,No
9840,0.29871657,No
5861,0.07912363,No
30388,0.073309034,No
16941,0.12273468,No
25644,0.08393711,No
13051,0.27034894,No
23766,0.10124851,No
1864,0.06290565,No
14456,0.5764881,No
7443,0.054745223,No
15061,0.36200798,No
28121,0.44497994,No
18369,0.48437455,No
20068,0.4616633,No
2441,0.07028048,No
5956,0.12383716,No
23700,0.09725095,No
4806,0.046928957,No
32027,0.059171837,No
15978,0.052019,No
14669,0.6875713,No
15305,0.43000188,No
6834,0.055212468,No
22964,0.021687103,No
11654,0.36678794,No
28319,0.049399,No
26440,0.03273283,No
12115,0.03858427,No
23986,0.5859853,No
6889,0.016221786,No
3658,0.065565854,No
22982,0.049471006,No
30836,0.18992437,No
17440,0.26279905,No
31483,0.10338919,No
9726,0.45074165,No
28084,0.064855844,No
11541,0.15495597,No
20756,0.07702146,No
9707,0.5474852,No
9501,0.45141116,No
20833,0.043643232,No
31852,0.3428411,No
5932,0.06702945,No
29300,0.055495717,No
31557,0.6851038,No
4004,0.059252925,No
30784,0.037296377,No
976,0.07340249,No
5040,0.37737513,No
31464,0.04090449,No
9993,0.20617498,No
11762,0.065378346,No
22366,0.055819508,No
25051,0.57347935,No
24570,0.08092036,No
10873,0.1204506,No
25101,0.26408067,No
18979,0.033108074,No
14620,0.06646979,No
14568,0.41812116,No
20035,0.62096417,No
16490,0.407416,No
14110,0.08853693,No
30221,0.63258284,No
11613,0.30219394,No
24544,0.054357413,No
13170,0.0311573,No
15593,0.4920479,No
14585,0.55521303,No
11929,0.05830598,No
14870,0.43416122,No
31378,0.05460294,No
27521,0.0915024,No
25579,0.038683932,No
19256,0.3080989,No
26563,0.09822385,No
28842,0.54712206,No
6179,0.07351794,No
8349,0.121159844,No
17129,0.42234358,No
27437,1.38633e-05,No
18209,0.56090814,No
9618,0.3431524,No
28259,0.0668945,No
13869,0.2088989,No
21423,0.59537035,No
29830,0.5026924,No
14200,0.025508663,No
29833,0.6214841,No
32545,0.075705305,No
23064,0.1315371,No
10560,0.036180843,No
28251,0.16386431,No
4062,0.16753039,No
29018,0.04782354,No
23279,0.065046996,No
32156,0.119565114,No
21383,0.4767965,No
31284,0.043435976,No
1148,0.011796578,No
5823,0.22693025,No
14601,0.40976277,No
9706,0.24038474,No
10843,0.09568117,No
1249,0.01607696,No
31585,0.054714818,No
8066,0.38125882,No
13832,0.4381574,No
20286,0.15250055,No
4052,0.07707365,No
26433,0.10825739,No
1622,0.5524486,No
12854,0.08059524,No
9040,0.09520052,No
9487,0.6914254,No
21381,0.61969846,No
32650,0.048224155,No
7508,0.10205586,No
16540,0.6208483,No
16705,0.13183439,No
24261,0.65078366,No
6017,0.14893986,No
19459,0.460653,No
5489,0.47490212,No
27184,0.39637002,No
20577,0.38953626,No
2606,0.43568543,No
26180,0.5260145,No
13988,0.072060935,No
4386,0.69464904,No
12919,0.5426601,No
2934,0.08864752,No
8373,0.07807332,No
3562,0.060197808,No
1680,0.4601194,No
3852,0.07113221,No
16184,0.11411154,No
26681,0.038915105,No
2539,0.34086022,No
22501,0.051466994,No
30867,0.51542974,No
7973,0.04950823,No
31266,0.08945845,No
25909,0.071794555,No
27769,0.48892173,No
28776,0.07920361,No
22271,0.6004624,No
4334,0.10086836,No
30632,0.06033058,No
21833,0.061777763,No
24018,0.5124792,No
25300,0.044757657,No
16230,0.08594854,No
3214,0.06270941,No
13539,0.08251939,No
20723,0.5713769,No
21052,0.57976264,No
21230,0.39065307,No
16658,0.07253693,No
21728,0.20919296,No
10324,0.03099007,No
18163,0.4144855,No
15634,0.06256776,No
14566,0.090472214,No
30913,0.0216354,No
770,0.025375886,No
24396,0.07560898,No
5189,0.23590256,No
21920,0.2236722,No
16873,0.07677233,No
4417,0.32924268,No
1216,0.06331449,No
22682,0.08778926,No
12809,0.04224712,No
3,0.08500535,No
4926,0.073245406,No
842,0.5432079,No
12308,0.06319041,No
21318,0.06408763,No
27002,0.5338153,No
17034,0.003005866,No
22264,0.4902131,No
22143,0.051238704,No
33177,0.07715285,No
29339,0.020518731,No
19146,0.27579236,No
25492,0.4023935,No
33080,0.058340434,No
13485,0.06887855,No
20453,0.073129885,No
30745,0.5049079,No
26493,0.15789646,No
16931,0.31373388,No
2094,0.094727084,No
7683,0.47647616,No
394,0.11532811,No
19437,0.5836045,No
11113,0.0757841,No
8799,0.5060237,No
9548,0.051660746,No
19139,0.024173005,No
23570,0.074554466,No
5058,0.5619358,No
25202,0.55197036,No
16001,0.06441081,No
15359,0.45294625,No
29033,0.3594538,No
21514,0.44660327,No
7463,0.011535634,No
7865,0.5717796,No
24914,0.59223306,No
14070,0.6310415,No
24372,0.05940939,No
14249,0.21683352,No
9272,0.057469707,No
10856,0.16370702,No
12994,0.41573223,No
27302,0.4553389,No
21465,0.632046,No
217,0.65937376,No
27724,0.07738114,No
27385,0.045515146,No
31806,0.33359587,No
22849,0.18342844,No
17189,0.54439306,No
28610,0.05442555,No
25906,0.062103957,No
4271,0.3808836,No
9561,0.3295833,No
20943,0.07518549,No
19625,0.060997136,No
1361,0.5291409,No
9766,0.08104333,No
10418,0.23708962,No
10493,0.6145761,No
16917,0.33530733,No
2222,0.01799356,No
4742,0.055928838,No
25891,0.07518549,No
20142,0.04375885,No
20768,0.17361036,No
25608,0.06367556,No
14685,0.16023517,No
113,0.05299965,No
6312,0.22343187,No
29242,0.5166521,No
18133,0.66293067,No
22753,0.057853334,No
32126,0.074398436,No
25855,0.013291074,No
20178,0.0578842,No
12835,0.04704516,No
18517,0.44289035,No
19644,0.086217515,No
22139,0.04436916,No
16673,0.5442423,No
18805,0.120914444,No
15367,0.57272637,No
1466,0.07941487,No
30607,0.21102424,No
412,0.028998079,No
24317,0.4962011,No
30120,0.54189503,No
15380,0.5507083,No
8818,0.025743961,No
33062,0.0053046495,No
32553,0.15099634,No
26289,0.24445958,No
15266,0.05646904,No
27773,0.043574598,No
15165,0.51135725,No
12361,0.690766,No
31131,7.0826076e-07,No
9268,0.14215899,No
6827,0.6608059,No
6048,0.07014093,No
16336,0.68261987,No
30196,0.017157264,No
13037,0.071156904,No
23969,0.14276461,No
32021,0.06829952,No
7788,0.65412825,No
10598,0.045007404,No
23319,0.65276366,No
15457,0.07105201,No
18171,0.47847605,No
4234,0.05070718,No
12990,0.07803709,No
8513,0.38145396,No
8596,0.06999717,No
14539,0.019339709,No
9047,0.4364444,No
8524,0.09980803,No
12462,0.4607102,No
13274,0.40986225,No
4863,0.30464327,No
16713,0.0020167478,No
32409,0.5220724,No
24295,0.089769274,No
12617,0.07872944,No
20907,0.08783154,No
26325,0.22363512,No
32857,0.061074477,No
17793,0.56012404,No
6694,0.06344206,No
21636,0.03962789,No
20456,0.5311487,No
14916,0.034552578,No
6602,0.13758823,No
8805,0.049204253,No
3486,0.097093694,No
8141,0.4689219,No
28718,0.40583733,No
30930,0.0059106657,No
5605,0.35757402,No
22118,0.524566,No
3210,0.07616401,No
21648,0.035891104,No
28968,0.2394139,No
15221,0.013937048,No
17205,0.15703031,No
2594,0.37329146,No
22556,0.36586246,No
19780,0.13807769,No
28833,0.610241,No
31733,0.25871304,No
30532,0.05603647,No
31410,0.06434279,No
18108,0.08682178,No
15253,0.016846754,No
10021,0.049546182,No
14698,0.0544107,No
8744,0.1923479,No
7863,0.48613578,No
30498,0.15179868,No
4601,0.30289504,No
1317,0.03971984,No
32981,0.09922464,No
12443,0.060072675,No
31272,0.40225646,No
1441,0.4909688,No
678,0.048037175,No
27117,0.52846324,No
31594,0.0063647074,No
20948,0.19866893,No
1663,0.55333716,No
1167,0.078077786,No
3587,0.08362884,No
9184,0.05011537,No
28172,0.060342398,No
9789,0.07483288,No
18426,0.49591288,No
27439,0.3559787,No
8708,0.61575806,No
10050,0.11741029,No
21685,0.12540533,No
15432,0.029065022,No
8401,0.08015256,No
14512,0.62417954,No
9462,0.023506453,No
28302,0.05331171,No
11976,0.22004412,No
20612,0.6976056,No
30736,0.31489748,No
16573,0.0001078548,No
29575,0.52323014,No
16158,0.071338855,No
9302,0.5051335,No
8377,0.071252964,No
22999,0.63377035,No
31693,0.07001614,No
18529,0.18899335,No
5377,0.04839936,No
20650,0.19699855,No
24202,0.47240868,No
24781,0.049421843,No
7470,0.097238556,No
17336,0.56139064,No
18383,0.4230717,No
4398,0.5636568,No
5391,0.640519,No
20977,0.08060466,No
5967,0.46196815,No
22639,0.097897,No
1850,0.15689468,No
139,0.06153814,No
14158,0.25863427,No
3408,0.5592225,No
30020,0.31237325,No
24978,0.5636263,No
5882,0.5394115,No
11502,0.69599223,No
7793,0.06554762,No
23667,0.022033261,No
26985,0.09645068,No
27220,0.046322577,No
3760,0.09461443,No
33277,0.5373784,No
19494,0.06745638,No
137,0.26572284,No
6167,0.2958683,No
29695,0.12278106,No
22808,0.47358882,No
13124,0.5407163,No
7499,0.15720056,No
17944,0.04693843,No
31775,0.020907672,No
5109,0.115180396,No
28671,0.04806287,No
14014,0.055215303,No
10394,0.003870005,No
14342,0.37331498,No
11155,0.109449536,No
5002,0.35009146,No
3291,0.06477716,No
9207,0.1456424,No
11886,0.36362037,No
14873,0.36263672,No
25866,0.11077377,No
5380,0.053354636,No
11212,0.06190148,No
20045,0.08220815,No
9149,0.05680127,No
1123,0.11949097,No
31129,0.10956232,No
1886,0.009796783,No
25297,0.07627379,No
3880,0.15983474,No
5255,0.33884493,No
12814,0.0014865163,No
2269,0.6508834,No
13949,0.43574736,No
29123,0.06316981,No
14621,0.09424369,No
31451,0.69567215,No
5150,0.13927706,No
20475,0.55476856,No
13047,0.08616899,No
17018,0.01338427,No
18565,0.37684897,No
5720,0.63572717,No
13467,0.18119954,No
26178,0.5845831,No
28007,0.47855756,No
17481,0.1767578,No
24612,0.03211483,No
28381,0.22103694,No
167,0.48509654,No
32000,0.3487237,No
14077,0.0545529,No
26651,0.018791115,No
27338,0.6444388,No
23116,0.05130743,No
24081,0.5589117,No
23255,0.45588607,No
25714,0.4636024,No
250,0.068952724,No
30826,0.10250512,No
15566,0.070886075,No
9270,0.022556989,No
547,0.03160444,No
33112,0.048455134,No
25833,0.61705667,No
4450,0.52765113,No
29537,0.04791471,No
20431,0.06366592,No
2926,0.5504464,No
6778,0.47147712,No
5624,0.06524197,No
2280,0.5258002,No
21283,0.22989446,No
13373,0.59463125,No
29383,0.5457417,No
10548,0.05827037,No
29414,0.06850388,No
12459,0.52724594,No
8484,0.08732171,No
24495,0.042350773,No
3374,0.41877735,No
675,0.056618135,No
19350,0.06825271,No
31981,0.03966272,No
6464,0.08076573,No
14516,0.61442757,No
28267,0.63118243,No
4504,0.5228763,No
12581,0.028077194,No
17085,0.34029388,No
9649,0.05397221,No
22520,0.6210575,No
23426,0.05655282,No
13089,0.07472968,No
6361,0.09813861,No
28874,0.09417482,No
18544,0.40851012,No
9827,0.082146525,No
21548,0.0591636,No
14658,0.054005392,No
24022,0.6304357,No
146,0.07888874,No
22698,0.61328846,No
26895,0.0664762,No
15483,0.009546785,No
31613,0.032081988,No
24376,0.02400803,No
4804,0.5621877,No
27458,0.16468258,No
1433,0.49313673,No
9800,0.08184219,No
16168,0.417418,No
29624,0.5771165,No
3699,0.4342716,No
14182,0.5464751,No
17117,0.13988815,No
15726,0.059071224,No
2894,0.47095603,No
21962,0.45106405,No
462,0.6129123,No
2677,0.58805496,No
33108,0.08787273,No
5160,0.057574715,No
14904,0.012103509,No
10640,0.026132012,No
10928,0.56832254,No
16690,0.08235137,No
15640,0.39503026,No
32259,0.052209735,No
19117,0.46140546,No
6689,0.14172332,No
31230,0.6316202,No
17072,0.13765447,No
30921,6.6931716e-05,No
13314,0.5355559,No
33234,0.11506756,No
3413,0.4810746,No
852,0.08761468,No
15225,0.037539717,No
691,0.07922869,No
31565,0.034302145,No
14156,0.105888,No
21296,0.15517387,No
19171,0.07724697,No
4899,0.24805264,No
172,0.07703477,No
31984,0.06331852,No
1097,0.0804727,No
19468,0.08983319,No
19501,0.53445625,No
20725,0.09764677,No
8239,0.50874025,No
11912,0.012495159,No
23554,0.035436116,No
30645,0.06457947,No
18101,0.25144038,No
28390,0.49660987,No
7903,0.10658947,No
8587,0.074271426,No
3673,0.06525988,No
16345,0.56640047,No
1250,0.07660597,No
13543,0.15082002,No
10049,0.057573747,No
8897,0.58552045,No
20663,0.05568847,No
16525,0.04512877,No
14500,0.6013635,No
32646,0.14533512,No
17221,0.56499434,No
5113,0.11778711,No
14240,0.5829409,No
9858,0.051277705,No
12645,0.5238688,No
17673,0.07904919,No
31896,0.27095634,No
7626,0.6222128,No
19260,0.08577201,No
2889,0.18588229,No
26963,0.02997704,No
12151,0.0790415,No
19240,0.06938141,No
25072,0.04537599,No
5484,0.07950468,No
24246,0.030240096,No
18648,0.04278362,No
12829,0.06375017,No
20437,0.07347753,No
9106,0.05932771,No
21353,0.1800746,No
2575,0.09316325,No
25623,0.48137388,No
16193,0.15381709,No
29171,0.10172344,No
9163,0.35165185,No
12055,0.26981506,No
7424,0.050353974,No
4957,0.07627732,No
1274,0.040929914,No
3624,0.07274882,No
5514,0.05264292,No
560,0.070707165,No
2583,0.04021609,No
25586,0.05368548,No
7636,0.19547018,No
18411,0.56248426,No
31186,0.00037357368,No
32908,0.20932266,No
9032,0.10986043,No
5800,0.09427243,No
31606,0.6906728,No
16419,0.020625386,No
3543,0.087075405,No
33064,0.6777011,No
2784,0.18461198,No
25612,0.23513618,No
11956,0.08018492,No
8713,0.3677663,No
12951,0.44800535,No
4819,0.04446028,No
16944,0.51291215,No
10809,0.32728788,No
10810,0.5314316,No
31245,0.0839023,No
20205,0.033926364,No
15009,0.024397308,No
25726,0.0015045569,No
28333,0.49430078,No
7439,0.483215,No
28972,0.0655052,No
23133,0.13124079,No
32360,0.029488938,No
3127,0.0957874,No
33010,0.027629869,No
23795,0.08650846,No
23288,0.058673326,No
5485,0.11626543,No
2018,0.14052619,No
7720,0.08752453,No
7773,0.56661135,No
6225,0.14254437,No
14428,0.56629014,No
26660,0.0020604166,No
30719,0.081412606,No
6400,0.06583755,No
344,0.031819697,No
14271,0.021605406,No
25933,0.23590793,No
11963,0.18869534,No
22775,0.5200841,No
13100,0.4551234,No
23379,0.44950742,No
3979,0.28774536,No
26769,0.46028003,No
27610,0.10124301,No
22359,0.020193888,No
17342,0.17455988,No
15629,0.061511226,No
20380,0.45778823,No
6831,0.43767002,No
23803,0.12308128,No
31017,0.64046913,No
30892,0.07782931,No
6058,0.26826856,No
11646,0.063748226,No
29502,0.09213977,No
13230,0.48028615,No
22525,0.07616306,No
20103,0.34822327,No
16084,0.64152,No
32404,0.44995767,No
20786,0.53777003,No
22140,0.18459885,No
21012,0.0920828,No
31019,0.18170145,No
24251,0.011076076,No
16014,0.051668428,No
2535,0.026647212,No
32516,0.5858097,No
15570,0.10994327,No
14329,0.46801037,No
25171,0.058728486,No
18138,0.06825912,No
8990,0.45062855,No
31687,0.07661865,No
18128,0.04811399,No
18752,0.60110784,No
234,0.06786175,No
1588,0.2280422,No
20635,0.38422555,No
22057,0.5551388,No
22625,0.53212553,No
30756,0.67322296,No
3617,0.08670631,No
20235,0.017157327,No
14369,0.46851844,No
29781,0.021244457,No
4158,0.18038042,No
16104,0.06373376,No
1670,0.43840146,No
11945,0.579454,No
23488,0.0631177,No
21152,0.13187025,No
32029,0.053125422,No
16331,0.059896164,No
10952,0.34117523,No
31669,0.53368443,No
818,0.079667784,No
33343,0.56425184,No
22527,0.35394713,No
20687,0.1216578,No
27813,0.004295833,No
6427,0.035756193,No
23739,0.23199913,No
25113,0.46056053,No
31959,0.04287202,No
4082,0.096965834,No
6935,0.037601266,No
11707,0.05509268,No
25699,0.46499926,No
27307,0.36166677,No
18261,0.05278102,No
6793,0.078411,No
33052,0.06730649,No
27606,0.08717723,No
22715,0.09024301,No
19043,0.095982075,No
6504,0.5645802,No
6332,0.2341442,No
2892,0.20796941,No
16660,0.030150605,No
12488,0.5790714,No
10636,0.042916693,No
24331,0.522445,No
13748,0.116245784,No
15527,0.0075095366,No
18607,0.39140055,No
23880,0.687702,No
4709,0.024593653,No
27834,0.052381735,No
5412,0.4799004,No
30367,0.54028845,No
4114,0.08103313,No
12735,0.1740404,No
28562,0.34287703,No
24245,0.08136173,No
30502,0.14262043,No
21613,0.67403686,No
32057,0.46825302,No
115,0.06442784,No
30657,0.32595056,No
7733,0.54754376,No
180,0.00932094,No
11800,0.14610836,No
27304,0.02372143,No
25802,0.34897476,No
16125,0.061706085,No
14292,0.080277905,No
32584,0.05577271,No
24156,0.48311588,No
21188,0.029954348,No
2340,0.051256627,No
31141,0.054268412,No
32075,0.53815615,No
21490,0.5173563,No
6823,0.018542966,No
18463,0.45307508,No
22975,0.4427819,No
2998,0.087242,No
30974,0.054611303,No
2107,0.101522446,No
5243,0.40119767,No
13103,0.07394437,No
17211,0.64998883,No
3848,0.07903516,No
26417,0.04689553,No
15635,0.43632823,No
26805,0.64265144,No
14353,0.6582039,No
18260,0.40935183,No
19332,0.057917878,No
9564,0.07817906,No
31238,0.11250584,No
14053,0.42071435,No
32212,0.26393655,No
28735,0.06484632,No
1304,0.077795416,No
9740,0.049812175,No
17958,0.11835452,No
2296,0.03992825,No
4364,0.058223903,No
6620,0.18485951,No
3003,0.0739841,No
27699,0.06755435,No
18013,0.5275079,No
25993,0.009227802,No
7563,0.058034066,No
13006,0.07850629,No
19508,0.07126598,No
26367,0.17769341,No
19966,0.0838414,No
2444,0.4692576,No
4674,0.6108871,No
20113,0.03726371,No
20767,0.352996,No
4053,0.059809785,No
31098,0.0479691,No
407,0.0651146,No
10721,1.677557e-05,No
32369,0.056671657,No
30587,0.007773876,No
1995,0.5484549,No
22641,0.0670081,No
17900,0.4771616,No
31333,0.06734287,No
12064,0.5884725,No
10246,0.24119434,No
17610,0.0005428482,No
17549,0.6750527,No
24260,0.08921694,No
26235,0.46393344,No
14529,0.12672226,No
5101,0.25843692,No
28645,0.07631304,No
8578,0.25516978,No
5943,0.1521392,No
18378,0.6755893,No
15663,0.527247,No
2170,0.39636272,No
7942,0.066416346,No
501,0.37941164,No
11440,0.46151584,No
23647,0.045174148,No
17526,0.06813862,No
12096,0.5194337,No
2582,0.046535917,No
27693,0.07396145,No
5368,0.45735994,No
16309,0.11953812,No
23515,0.052704353,No
1227,0.5543378,No
17249,0.052039947,No
6092,0.43159294,No
18104,0.060524862,No
1633,0.07880039,No
14773,0.11073802,No
5685,0.040119518,No
3580,0.058272384,No
16317,0.5431894,No
27543,0.052899707,No
32273,0.68514913,No
17502,0.47315326,No
11386,0.29627258,No
32066,0.53039837,No
18264,0.101527706,No
15770,0.026230248,No
464,0.028041681,No
3218,0.070625655,No
22497,0.40898472,No
30670,0.4862865,No
27245,0.60483134,No
853,0.10402653,No
5258,0.5410466,No
10579,0.5269932,No
33033,0.4906908,No
20571,0.04774192,No
29977,0.55087215,No
13269,0.007895191,No
13157,0.43690607,No
23275,0.25091046,No
19102,0.06018966,No
4917,0.057388563,No
15977,0.04859121,No
22310,0.05048662,No
3395,0.29207698,No
27124,0.02975266,No
18063,0.06596382,No
2852,0.06054493,No
5056,0.019265288,No
17504,0.665765,No
25999,0.53620386,No
9630,0.069511324,No
30245,0.51392466,No
16881,0.092965245,No
2656,0.4166339,No
576,0.0560669,No
18344,0.5371609,No
9105,0.17078517,No
18963,0.020369992,No
18023,0.10498191,No
14832,0.62051016,No
26581,0.14436972,No
11682,0.5088374,No
20169,0.12220511,No
15441,0.049200363,No
24585,0.66815543,No
32320,0.060511276,No
27909,0.033767555,No
8367,0.45744637,No
28132,0.5286847,No
7315,0.1505531,No
8911,0.46231383,No
7805,0.06243998,No
33251,0.05063652,No
31079,0.658873,No
21786,0.081951894,No
23344,0.44118524,No
16675,0.052826334,No
11734,0.00084244646,No
12215,0.11404731,No
